<?xml version="1.0" encoding="UTF-8"?>
<project-private xmlns="http://www.netbeans.org/ns/project-private/1">
    <editor-bookmarks xmlns="http://www.netbeans.org/ns/editor-bookmarks/2" lastBookmarkId="0"/>
    <open-files xmlns="http://www.netbeans.org/ns/projectui-open-files/2">
        <group>
            <file>file://COMPHOME/homedir$/x00139120/Documents/CollegeWork/SDEV4CA2/src/CA2/Car.java</file>
            <file>file://COMPHOME/homedir$/x00139120/Documents/CollegeWork/SDEV4CA2/src/CA2/ImportDuty.java</file>
            <file>file://COMPHOME/homedir$/x00139120/Documents/CollegeWork/SDEV4CA2/src/CA2/CarDB.java</file>
            <file>file://COMPHOME/homedir$/x00139120/Documents/CollegeWork/SDEV4CA2/src/CA2/TestCars.java</file>
            <file>file://COMPHOME/homedir$/x00139120/Documents/CollegeWork/SDEV4CA2/src/CA2/CarTax.java</file>
        </group>
    </open-files>
</project-private>
